timestamp,date_GMT,attendance,home_team_name,away_team_name,home_team_goal_count,away_team_goal_count,referee,gameweek,home_team_goal_timings,away_team_goal_timings,home_team_shots,away_team_shots,home_team_shots_on_target,away_team_shots_on_target,team_a_xg,team_b_xg,stadium_name
1533927600,Aug 10 2018 - 7:00pm,74439,Manchester United,Leicester City,2,1,Andre Marriner,1,"3,83",90'2,8,8,7,5,1.25,1.46,Old Trafford (Manchester)
1533987000,Aug 11 2018 - 11:30am,51749,Newcastle United,Tottenham Hotspur,1,2,Martin Atkinson,1,11,"8,18",11,13,3,6,1.18,1.58,St. James' Park (Newcastle upon Tyne)
1533996000,Aug 11 2018 - 2:00pm,10353,AFC Bournemouth,Cardiff City,2,0,Kevin Friend,1,"24,90'1",,11,7,5,2,1.5,0.89,Vitality Stadium (Bournemouth- Dorset)
1533996000,Aug 11 2018 - 2:00pm,24821,Fulham,Crystal Palace,0,2,Mike Dean,1,,"41,79",11,11,7,11,1.67,1.81,Craven Cottage (London)
1533996000,Aug 11 2018 - 2:00pm,24121,Huddersfield Town,Chelsea,0,3,Chris Kavanagh,1,,"34,45,80",6,8,2,5,0.9,1.17,John Smith's Stadium (Huddersfield- West Yorkshire)
1533996000,Aug 11 2018 - 2:00pm,20051,Watford,Brighton & Hove Albion,2,0,Jonathan Moss,1,"35,54",,15,6,6,0,1.78,0.65,Vicarage Road (Watford)
1534005000,Aug 11 2018 - 4:30pm,31231,Wolverhampton Wanderers,Everton,2,2,Craig Pawson,1,"44,80","17,67",10,9,5,6,1.41,1.34,Molineux Stadium (Wolverhampton- West Midlands)
1534077000,Aug 12 2018 - 12:30pm,53235,Liverpool,West Ham United,4,0,Anthony Taylor,1,"19,45'2,53,88",,16,5,9,3,2.12,0.75,Anfield (Liverpool)
1534077000,Aug 12 2018 - 12:30pm,30784,Southampton,Burnley,0,0,Graham Scott,1,,,10,13,4,7,1.29,1.69,St. Mary's Stadium (Southampton- Hampshire)
1534086000,Aug 12 2018 - 3:00pm,59934,Arsenal,Manchester City,0,2,Michael Oliver,1,,"14,64",8,14,4,9,1.11,1.91,Emirates Stadium (London)
1534591800,Aug 18 2018 - 11:30am,30720,Cardiff City,Newcastle United,0,0,Craig Pawson,2,,,8,8,2,7,1.03,1.22,Cardiff City Stadium (Cardiff (Caerdydd))
1534600800,Aug 18 2018 - 2:00pm,38601,Everton,Southampton,2,1,Lee Mason,2,"15,31",54,11,11,8,5,1.69,1.33,Goodison Park (Liverpool)
1534600800,Aug 18 2018 - 2:00pm,32043,Leicester City,Wolverhampton Wanderers,2,0,Mike Dean,2,"29,45",,5,11,3,4,0.81,1.53,King Power Stadium (Leicester- Leicestershire)
1534600800,Aug 18 2018 - 2:00pm,58297,Tottenham Hotspur,Fulham,3,1,Anthony Taylor,2,"43,74,77",52,22,9,12,4,2.75,1.04,Wembley Stadium (London)
1534600800,Aug 18 2018 - 2:00pm,56888,West Ham United,AFC Bournemouth,1,2,Stuart Attwell,2,33,"60,66",9,9,6,6,1.39,1.31,London Stadium (London)
1534609800,Aug 18 2018 - 4:30pm,40491,Chelsea,Arsenal,3,2,Martin Atkinson,2,"9,20,81","37,41",19,13,12,7,2.47,1.61,Stamford Bridge (London)
1534681800,Aug 19 2018 - 12:30pm,18822,Burnley,Watford,1,3,Paul Tierney,2,6,"3,48,51",7,7,4,7,1.09,1.25,Turf Moor (Burnley)
1534681800,Aug 19 2018 - 12:30pm,54021,Manchester City,Huddersfield Town,6,1,Andre Marriner,2,"25,31,35,48,75,84",43,24,4,15,2,3.23,0.59,Etihad Stadium (Manchester)
1534690800,Aug 19 2018 - 3:00pm,30592,Brighton & Hove Albion,Manchester United,3,2,Kevin Friend,2,"25,27,44","34,90'5",7,8,4,4,0.97,1.06,The American Express Community Stadium (Falmer- East Sussex)
1534791600,Aug 20 2018 - 7:00pm,25750,Crystal Palace,Liverpool,0,2,Michael Oliver,2,,"45,90'3",8,11,3,7,1.03,1.7,Selhurst Park (London)
1535196600,Aug 25 2018 - 11:30am,31222,Wolverhampton Wanderers,Manchester City,1,1,Martin Atkinson,3,57,69,9,13,3,7,0.96,1.84,Molineux Stadium (Wolverhampton- West Midlands)
1535205600,Aug 25 2018 - 2:00pm,10654,AFC Bournemouth,Everton,2,2,Lee Probert,3,"75,79","56,66",16,9,6,4,1.75,1.16,Vitality Stadium (Bournemouth- Dorset)
1535205600,Aug 25 2018 - 2:00pm,59830,Arsenal,West Ham United,3,1,Graham Scott,3,"30,70,90'2",25,13,11,11,6,2.01,1.44,Emirates Stadium (London)
1535205600,Aug 25 2018 - 2:00pm,21193,Huddersfield Town,Cardiff City,0,0,Michael Oliver,3,,,4,11,2,5,0.76,1.47,John Smith's Stadium (Huddersfield- West Yorkshire)
1535205600,Aug 25 2018 - 2:00pm,29925,Southampton,Leicester City,1,2,Jonathan Moss,3,52,"56,90'2",10,9,6,6,1.54,1.23,St. Mary's Stadium (Southampton- Hampshire)
1535214600,Aug 25 2018 - 4:30pm,53294,Liverpool,Brighton & Hove Albion,1,0,Chris Kavanagh,3,23,,16,5,9,3,2.26,0.76,Anfield (Liverpool)
1535286600,Aug 26 2018 - 12:30pm,20014,Watford,Crystal Palace,2,1,Anthony Taylor,3,"53,71",78,10,9,6,4,1.5,1.21,Vicarage Road (Watford)
1535295600,Aug 26 2018 - 3:00pm,23438,Fulham,Burnley,4,2,David Coote,3,"4,36,38,83","10,41",23,8,13,3,2.65,1.06,Craven Cottage (London)
1535295600,Aug 26 2018 - 3:00pm,51791,Newcastle United,Chelsea,1,2,Paul Tierney,3,83,"76,87",5,11,3,4,0.68,1.69,St. James' Park (Newcastle upon Tyne)
1535396400,Aug 27 2018 - 7:00pm,74400,Manchester United,Tottenham Hotspur,0,3,Craig Pawson,3,,"50,52,84",18,8,6,6,2.01,1.11,Old Trafford (Manchester)
1535801400,Sep 01 2018 - 11:30am,32149,Leicester City,Liverpool,1,2,Paul Tierney,4,63,"10,45",9,9,6,5,1.39,1.22,King Power Stadium (Leicester- Leicestershire)
1535810400,Sep 01 2018 - 2:00pm,30526,Brighton & Hove Albion,Fulham,2,2,Lee Probert,4,"67,84","43,62",13,9,6,6,1.69,1.22,The American Express Community Stadium (Falmer- East Sussex)
1535810400,Sep 01 2018 - 2:00pm,40178,Chelsea,AFC Bournemouth,2,0,Lee Mason,4,"72,85",,13,8,7,2,1.85,1.01,Stamford Bridge (London)
1535810400,Sep 01 2018 - 2:00pm,25495,Crystal Palace,Southampton,0,2,Martin Atkinson,4,,"47,90'2",14,13,7,7,1.84,1.67,Selhurst Park (London)
1535810400,Sep 01 2018 - 2:00pm,38767,Everton,Huddersfield Town,1,1,Stuart Attwell,4,36,34,10,8,2,7,1.06,1.33,Goodison Park (Liverpool)
1535810400,Sep 01 2018 - 2:00pm,59947,West Ham United,Wolverhampton Wanderers,0,1,Chris Kavanagh,4,,90'3,9,14,4,7,1.3,1.75,London Stadium (London)
1535819400,Sep 01 2018 - 4:30pm,53946,Manchester City,Newcastle United,2,1,Kevin Friend,4,"8,52",30,18,4,9,3,2.34,0.62,Etihad Stadium (Manchester)
1535891400,Sep 02 2018 - 12:30pm,32316,Cardiff City,Arsenal,2,3,Anthony Taylor,4,"45'2,70","11,62,81",14,16,4,12,1.49,2.35,Cardiff City Stadium (Cardiff (Caerdydd))
1535900400,Sep 02 2018 - 3:00pm,21525,Burnley,Manchester United,0,2,Jonathan Moss,4,,"27,44",9,16,3,10,1.13,2.06,Turf Moor (Burnley)
1535900400,Sep 02 2018 - 3:00pm,20141,Watford,Tottenham Hotspur,2,1,Andre Marriner,4,"69,76",53,7,10,4,3,1.13,1.45,Vicarage Road (Watford)
1537011000,Sep 15 2018 - 11:30am,80188,Tottenham Hotspur,Liverpool,1,2,Michael Oliver,5,90'3,"39,54",9,16,4,11,1.03,1.9,Wembley Stadium (London)
1537020000,Sep 15 2018 - 2:00pm,10543,AFC Bournemouth,Leicester City,4,2,Craig Pawson,5,"19,37,41,81","88,89",8,13,6,9,1.16,1.85,Vitality Stadium (Bournemouth- Dorset)
1537020000,Sep 15 2018 - 2:00pm,40499,Chelsea,Cardiff City,4,1,Jonathan Moss,5,"37,43,80,83",16,16,7,8,3,1.86,0.91,Stamford Bridge (London)
1537020000,Sep 15 2018 - 2:00pm,23696,Huddersfield Town,Crystal Palace,0,1,Lee Mason,5,,38,12,5,3,3,1.43,0.71,John Smith's Stadium (Huddersfield- West Yorkshire)
1537020000,Sep 15 2018 - 2:00pm,53307,Manchester City,Fulham,3,0,Stuart Attwell,5,"2,21,47",,18,9,10,4,2.4,1.08,Etihad Stadium (Manchester)
1537020000,Sep 15 2018 - 2:00pm,52165,Newcastle United,Arsenal,1,2,Lee Probert,5,90'1,"49,58",3,8,3,3,0.7,1.09,St. James' Park (Newcastle upon Tyne)
1537029000,Sep 15 2018 - 4:30pm,20537,Watford,Manchester United,1,2,Mike Dean,5,65,"35,38",9,8,6,7,1.41,1.36,Vicarage Road (Watford)
1537101000,Sep 16 2018 - 12:30pm,30406,Wolverhampton Wanderers,Burnley,1,0,Andre Marriner,5,61,,21,8,8,3,2.4,0.96,Molineux Stadium (Wolverhampton- West Midlands)
1537110000,Sep 16 2018 - 3:00pm,39161,Everton,West Ham United,1,3,Martin Atkinson,5,45'2,"11,31,61",11,7,5,5,1.51,1.14,Goodison Park (Liverpool)
1537210800,Sep 17 2018 - 7:00pm,27742,Southampton,Brighton & Hove Albion,2,2,Anthony Taylor,5,"35,65","67,90",12,10,6,5,1.51,1.26,St. Mary's Stadium (Southampton- Hampshire)
1537615800,Sep 22 2018 - 11:30am,23418,Fulham,Watford,1,1,Martin Atkinson,6,78,2,10,11,4,7,1.26,1.55,Craven Cottage (London)
1537624800,Sep 22 2018 - 2:00pm,18636,Burnley,AFC Bournemouth,4,0,Anthony Taylor,6,"39,41,83,88",,9,11,6,6,1.24,1.6,Turf Moor (Burnley)
1537624800,Sep 22 2018 - 2:00pm,32321,Cardiff City,Manchester City,0,5,Michael Oliver,6,,"32,35,44,67,89",3,15,3,11,0.54,2.14,Cardiff City Stadium (Cardiff (Caerdydd))
1537624800,Sep 22 2018 - 2:00pm,25679,Crystal Palace,Newcastle United,0,0,Andre Marriner,6,,,12,7,5,4,1.57,0.94,Selhurst Park (London)
1537624800,Sep 22 2018 - 2:00pm,31676,Leicester City,Huddersfield Town,3,1,David Coote,6,"19,66,75",5,16,8,9,3,1.9,0.92,King Power Stadium (Leicester- Leicestershire)
1537624800,Sep 22 2018 - 2:00pm,50965,Liverpool,Southampton,3,0,Paul Tierney,6,"10,21,45'3",,10,3,5,2,1.41,0.61,Anfield (Liverpool)
1537624800,Sep 22 2018 - 2:00pm,74489,Manchester United,Wolverhampton Wanderers,1,1,Kevin Friend,6,18,53,10,12,7,9,1.57,1.71,Old Trafford (Manchester)
1537633800,Sep 22 2018 - 4:30pm,30531,Brighton & Hove Albion,Tottenham Hotspur,1,2,Chris Kavanagh,6,90'3,"42,76",8,13,5,8,1.08,1.71,The American Express Community Stadium (Falmer- East Sussex)
1537705800,Sep 23 2018 - 12:30pm,56875,West Ham United,Chelsea,0,0,Mike Dean,6,,,6,13,2,7,0.73,1.9,London Stadium (London)
1537714800,Sep 23 2018 - 3:00pm,59964,Arsenal,Everton,2,0,Jonathan Moss,6,"56,59",,7,9,6,7,1.3,1.46,Emirates Stadium (London)
1538220600,Sep 29 2018 - 11:30am,56938,West Ham United,Manchester United,3,1,Michael Oliver,7,"5,43,74",71,8,6,4,5,1.13,1.2,London Stadium (London)
1538229600,Sep 29 2018 - 2:00pm,60019,Arsenal,Watford,2,0,Anthony Taylor,7,"81,83",,9,13,3,6,1.22,1.53,Emirates Stadium (London)
1538229600,Sep 29 2018 - 2:00pm,38788,Everton,Fulham,3,0,Roger East,7,"56,66,89",,13,7,7,0,1.68,0.64,Goodison Park (Liverpool)
1538229600,Sep 29 2018 - 2:00pm,23885,Huddersfield Town,Tottenham Hotspur,0,2,Craig Pawson,7,,"25,34",9,11,6,7,1.38,1.41,John Smith's Stadium (Huddersfield- West Yorkshire)
1538229600,Sep 29 2018 - 2:00pm,54152,Manchester City,Brighton & Hove Albion,2,0,Lee Mason,7,"29,65",,22,3,9,2,2.75,0.46,Etihad Stadium (Manchester)
1538229600,Sep 29 2018 - 2:00pm,51523,Newcastle United,Leicester City,0,2,Simon Hooper,7,,"30,73",6,10,2,6,0.73,1.36,St. James' Park (Newcastle upon Tyne)
1538229600,Sep 29 2018 - 2:00pm,31147,Wolverhampton Wanderers,Southampton,2,0,Stuart Attwell,7,"79,87",,13,11,7,7,1.6,1.5,Molineux Stadium (Wolverhampton- West Midlands)
1538238600,Sep 29 2018 - 4:30pm,40625,Chelsea,Liverpool,1,1,Andre Marriner,7,25,89,9,13,5,7,1.17,1.78,Stamford Bridge (London)
1538319600,Sep 30 2018 - 3:00pm,30411,Cardiff City,Burnley,1,2,Martin Atkinson,7,60,"51,70",15,4,6,3,1.94,0.72,Cardiff City Stadium (Cardiff (Caerdydd))
1538420400,Oct 01 2018 - 7:00pm,10199,AFC Bournemouth,Crystal Palace,2,1,Mike Dean,7,"5,87",55,10,7,6,3,1.39,1.04,Vitality Stadium (Bournemouth- Dorset)
1538766000,Oct 05 2018 - 7:00pm,30544,Brighton & Hove Albion,West Ham United,1,0,Kevin Friend,8,25,,9,12,5,5,1.37,1.86,The American Express Community Stadium (Falmer- East Sussex)
1538834400,Oct 06 2018 - 2:00pm,20533,Burnley,Huddersfield Town,1,1,Chris Kavanagh,8,20,66,4,10,4,3,0.76,1.32,Turf Moor (Burnley)
1538834400,Oct 06 2018 - 2:00pm,25715,Crystal Palace,Wolverhampton Wanderers,0,1,Michael Oliver,8,,56,9,8,5,3,1.48,0.95,Selhurst Park (London)
1538834400,Oct 06 2018 - 2:00pm,32007,Leicester City,Everton,1,2,Andre Marriner,8,40,"7,77",8,14,3,9,0.99,1.92,King Power Stadium (Leicester- Leicestershire)
1538834400,Oct 06 2018 - 2:00pm,43268,Tottenham Hotspur,Cardiff City,1,0,Mike Dean,8,8,,14,9,8,7,2.03,1.37,Wembley Stadium (London)
1538834400,Oct 06 2018 - 2:00pm,20139,Watford,AFC Bournemouth,0,4,Jonathan Moss,8,,"14,33,45,47",5,11,3,8,0.89,1.59,Vicarage Road (Watford)
1538843400,Oct 06 2018 - 4:30pm,74519,Manchester United,Newcastle United,3,2,Anthony Taylor,8,"70,76,90","7,10",16,14,11,9,2.36,1.84,Old Trafford (Manchester)
1538910000,Oct 07 2018 - 11:00am,25401,Fulham,Arsenal,1,5,Paul Tierney,8,44,"29,49,67,79,90'1",13,10,5,8,1.53,1.56,Craven Cottage (London)
1538918100,Oct 07 2018 - 1:15pm,27077,Southampton,Chelsea,0,3,Craig Pawson,8,,"30,57,90'3",13,10,7,7,1.56,1.74,St. Mary's Stadium (Southampton- Hampshire)
1538926200,Oct 07 2018 - 3:30pm,52117,Liverpool,Manchester City,0,0,Martin Atkinson,8,,,7,6,3,3,0.99,0.91,Anfield (Liverpool)
1540035000,Oct 20 2018 - 11:30am,40721,Chelsea,Manchester United,2,2,Mike Dean,9,"21,90'6","55,73",15,8,7,5,1.96,1.14,Stamford Bridge (London)
1540044000,Oct 20 2018 - 2:00pm,10986,AFC Bournemouth,Southampton,0,0,Lee Probert,9,,,8,7,3,5,1.15,1.12,Vitality Stadium (Bournemouth- Dorset)
1540044000,Oct 20 2018 - 2:00pm,29681,Cardiff City,Fulham,4,2,Kevin Friend,9,"15,20,65,87","11,34",16,8,6,5,1.85,1.15,Cardiff City Stadium (Cardiff (Caerdydd))
1540044000,Oct 20 2018 - 2:00pm,54094,Manchester City,Burnley,5,0,Jonathan Moss,9,"17,54,56,83,90",,17,5,11,0,2.33,0.48,Etihad Stadium (Manchester)
1540044000,Oct 20 2018 - 2:00pm,50329,Newcastle United,Brighton & Hove Albion,0,1,Andre Marriner,9,,29,19,7,7,3,2.38,0.93,St. James' Park (Newcastle upon Tyne)
1540044000,Oct 20 2018 - 2:00pm,56921,West Ham United,Tottenham Hotspur,0,1,Martin Atkinson,9,,44,12,7,5,3,1.62,0.92,London Stadium (London)
1540044000,Oct 20 2018 - 2:00pm,31144,Wolverhampton Wanderers,Watford,0,2,Lee Mason,9,,"20,21",8,6,2,4,1.06,0.95,Molineux Stadium (Wolverhampton- West Midlands)
1540053000,Oct 20 2018 - 4:30pm,24263,Huddersfield Town,Liverpool,0,1,Michael Oliver,9,,24,8,7,2,3,1.06,1.0,John Smith's Stadium (Huddersfield- West Yorkshire)
1540134000,Oct 21 2018 - 3:00pm,38668,Everton,Crystal Palace,2,0,Anthony Taylor,9,"87,89",,14,8,5,4,1.8,1.12,Goodison Park (Liverpool)
1540234800,Oct 22 2018 - 7:00pm,59886,Arsenal,Leicester City,3,1,Chris Kavanagh,9,"45,63,66",31,18,6,7,3,2.13,0.89,Emirates Stadium (London)
1540648800,Oct 27 2018 - 2:00pm,30654,Brighton & Hove Albion,Wolverhampton Wanderers,1,0,Anthony Taylor,10,48,,7,16,2,8,0.82,2.16,The American Express Community Stadium (Falmer- East Sussex)
1540648800,Oct 27 2018 - 2:00pm,25071,Fulham,AFC Bournemouth,0,3,Andre Marriner,10,,"14,72,85",11,12,2,6,1.14,1.67,Craven Cottage (London)
1540648800,Oct 27 2018 - 2:00pm,53373,Liverpool,Cardiff City,4,1,Stuart Attwell,10,"10,66,84,87",77,14,3,8,2,2.06,0.53,Anfield (Liverpool)
1540648800,Oct 27 2018 - 2:00pm,30736,Southampton,Newcastle United,0,0,Chris Kavanagh,10,,,18,5,5,0,1.97,0.63,St. Mary's Stadium (Southampton- Hampshire)
1540648800,Oct 27 2018 - 2:00pm,20457,Watford,Huddersfield Town,3,0,Mike Dean,10,"10,19,80",,13,12,7,8,1.66,1.6,Vicarage Road (Watford)
1540657800,Oct 27 2018 - 4:30pm,31848,Leicester City,West Ham United,1,1,Michael Oliver,10,89,30,19,10,8,4,2.5,1.16,King Power Stadium (Leicester- Leicestershire)
1540733400,Oct 28 2018 - 1:30pm,21430,Burnley,Chelsea,0,4,Craig Pawson,10,,"22,57,62,90'2",6,18,2,9,0.81,2.06,Turf Moor (Burnley)
1540733400,Oct 28 2018 - 1:30pm,25718,Crystal Palace,Arsenal,2,2,Martin Atkinson,10,"45'1,83","51,56",15,6,4,3,1.62,0.9,Selhurst Park (London)
1540742400,Oct 28 2018 - 4:00pm,74525,Manchester United,Everton,2,1,Jonathan Moss,10,"27,49",77,14,14,11,7,1.94,1.67,Old Trafford (Manchester)
1540843200,Oct 29 2018 - 8:00pm,56854,Tottenham Hotspur,Manchester City,0,1,Kevin Friend,10,,6,5,9,2,7,0.73,1.53,Wembley Stadium (London)
1541248200,Nov 03 2018 - 12:30pm,10792,AFC Bournemouth,Manchester United,1,2,Paul Tierney,11,11,"35,90'2",11,15,8,9,1.62,1.95,Vitality Stadium (Bournemouth- Dorset)
1541257200,Nov 03 2018 - 3:00pm,30877,Cardiff City,Leicester City,0,1,Lee Probert,11,,55,11,10,3,6,1.34,1.49,Cardiff City Stadium (Cardiff (Caerdydd))
1541257200,Nov 03 2018 - 3:00pm,38966,Everton,Brighton & Hove Albion,3,1,David Coote,11,"26,50,77",33,13,4,4,4,1.67,0.74,Goodison Park (Liverpool)
1541257200,Nov 03 2018 - 3:00pm,49157,Newcastle United,Watford,1,0,Craig Pawson,11,65,,7,12,3,2,0.97,1.33,St. James' Park (Newcastle upon Tyne)
1541257200,Nov 03 2018 - 3:00pm,56862,West Ham United,Burnley,4,2,Roger East,11,"10,68,84,90'2","45,77",17,5,11,4,2.39,0.74,London Stadium (London)
1541266200,Nov 03 2018 - 5:30pm,59993,Arsenal,Liverpool,1,1,Andre Marriner,11,82,61,10,10,5,5,1.48,1.29,Emirates Stadium (London)
1541274300,Nov 03 2018 - 7:45pm,31185,Wolverhampton Wanderers,Tottenham Hotspur,2,3,Mike Dean,11,"68,79","27,30,61",12,10,8,9,1.73,1.52,Molineux Stadium (Wolverhampton- West Midlands)
1541343600,Nov 04 2018 - 3:00pm,53916,Manchester City,Southampton,6,1,Lee Mason,11,"6,12,18,45'2,67,90'1",29,14,12,9,7,2.07,1.56,Etihad Stadium (Manchester)
1541347200,Nov 04 2018 - 4:00pm,40407,Chelsea,Crystal Palace,3,1,Michael Oliver,11,"32,65,70",53,12,5,7,3,1.79,0.76,Stamford Bridge (London)
1541448000,Nov 05 2018 - 8:00pm,17082,Huddersfield Town,Fulham,1,0,Anthony Taylor,11,29,,9,5,3,2,1.26,0.66,John Smith's Stadium (Huddersfield- West Yorkshire)
1541853000,Nov 10 2018 - 12:30pm,29402,Cardiff City,Brighton & Hove Albion,2,1,Martin Atkinson,12,"28,90",6,16,6,7,4,1.84,0.81,Cardiff City Stadium (Cardiff (Caerdydd))
1541862000,Nov 10 2018 - 3:00pm,24069,Huddersfield Town,West Ham United,1,1,Chris Kavanagh,12,6,74,15,10,8,6,1.86,1.45,John Smith's Stadium (Huddersfield- West Yorkshire)
1541862000,Nov 10 2018 - 3:00pm,32184,Leicester City,Burnley,0,0,Mike Dean,12,,,15,5,6,2,1.93,0.69,King Power Stadium (Leicester- Leicestershire)
1541862000,Nov 10 2018 - 3:00pm,49266,Newcastle United,AFC Bournemouth,2,1,Lee Probert,12,"7,39",45'6,15,10,7,5,1.78,1.41,St. James' Park (Newcastle upon Tyne)
1541862000,Nov 10 2018 - 3:00pm,28153,Southampton,Watford,1,1,Simon Hooper,12,20,82,11,10,5,7,1.34,1.49,St. Mary's Stadium (Southampton- Hampshire)
1541871000,Nov 10 2018 - 5:30pm,25685,Crystal Palace,Tottenham Hotspur,0,1,Jonathan Moss,12,,66,11,9,6,3,1.51,1.27,Selhurst Park (London)
1541937600,Nov 11 2018 - 12:00pm,53128,Liverpool,Fulham,2,0,Paul Tierney,12,"41,53",,15,8,8,4,1.95,1.01,Anfield (Liverpool)
1541945700,Nov 11 2018 - 2:15pm,40345,Chelsea,Everton,0,0,Kevin Friend,12,,,12,5,5,2,1.5,0.61,Stamford Bridge (London)
1541953800,Nov 11 2018 - 4:30pm,60030,Arsenal,Wolverhampton Wanderers,1,1,Stuart Attwell,12,86,13,7,12,4,6,1.39,1.4,Emirates Stadium (London)
1541953800,Nov 11 2018 - 4:30pm,54316,Manchester City,Manchester United,3,1,Anthony Taylor,12,"12,48,86",58,12,3,6,2,1.69,0.63,Etihad Stadium (Manchester)
1543071600,Nov 24 2018 - 3:00pm,30553,Brighton & Hove Albion,Leicester City,1,1,Chris Kavanagh,13,15,79,12,7,4,4,1.44,1.11,The American Express Community Stadium (Falmer- East Sussex)
1543071600,Nov 24 2018 - 3:00pm,39139,Everton,Cardiff City,1,0,Paul Tierney,13,59,,14,6,9,2,2.04,0.78,Goodison Park (Liverpool)
1543071600,Nov 24 2018 - 3:00pm,24603,Fulham,Southampton,3,2,Michael Oliver,13,"33,43,63","18,53",9,15,6,9,1.28,2.09,Craven Cottage (London)
1543071600,Nov 24 2018 - 3:00pm,74516,Manchester United,Crystal Palace,0,0,Lee Mason,13,,,10,12,6,3,1.63,1.23,Old Trafford (Manchester)
1543071600,Nov 24 2018 - 3:00pm,20540,Watford,Liverpool,0,3,Jonathan Moss,13,,"67,76,89",6,11,2,8,0.78,1.56,Vicarage Road (Watford)
1543071600,Nov 24 2018 - 3:00pm,56886,West Ham United,Manchester City,0,4,Andre Marriner,13,,"11,19,34,90'3",7,9,2,7,0.97,1.42,London Stadium (London)
1543080600,Nov 24 2018 - 5:30pm,55465,Tottenham Hotspur,Chelsea,3,1,Martin Atkinson,13,"8,16,54",85,16,8,10,3,2.07,1.08,Wembley Stadium (London)
1543152600,Nov 25 2018 - 1:30pm,10792,AFC Bournemouth,Arsenal,1,2,Craig Pawson,13,45'1,"30,67",8,16,6,5,1.18,1.88,Vitality Stadium (Bournemouth- Dorset)
1543161600,Nov 25 2018 - 4:00pm,30130,Wolverhampton Wanderers,Huddersfield Town,0,2,Kevin Friend,13,,"6,74",10,11,4,7,1.22,1.52,Molineux Stadium (Wolverhampton- West Midlands)
1543264200,Nov 26 2018 - 8:30pm,20628,Burnley,Newcastle United,1,2,Anthony Taylor,13,40,"4,23",13,12,5,4,1.52,1.29,Turf Moor (Burnley)
1543608000,Nov 30 2018 - 8:00pm,30213,Cardiff City,Wolverhampton Wanderers,2,1,Andre Marriner,14,"65,77",18,12,14,4,5,1.44,1.61,Cardiff City Stadium (Cardiff (Caerdydd))
1543676400,Dec 01 2018 - 3:00pm,25098,Crystal Palace,Burnley,2,0,Lee Probert,14,"16,77",,21,3,10,0,2.61,0.6,Selhurst Park (London)
1543676400,Dec 01 2018 - 3:00pm,22973,Huddersfield Town,Brighton & Hove Albion,1,2,Michael Oliver,14,1,"45'4,69",6,10,3,7,0.86,1.5,John Smith's Stadium (Huddersfield- West Yorkshire)
1543676400,Dec 01 2018 - 3:00pm,31353,Leicester City,Watford,2,0,Graham Scott,14,"12,23",,7,7,4,0,0.98,0.98,King Power Stadium (Leicester- Leicestershire)
1543676400,Dec 01 2018 - 3:00pm,54409,Manchester City,AFC Bournemouth,3,1,Stuart Attwell,14,"16,57,79",44,12,4,7,2,1.79,0.67,Etihad Stadium (Manchester)
1543676400,Dec 01 2018 - 3:00pm,51853,Newcastle United,West Ham United,0,3,Paul Tierney,14,,"11,63,90'3",12,8,5,5,1.56,1.06,St. James' Park (Newcastle upon Tyne)
1543685400,Dec 01 2018 - 5:30pm,30187,Southampton,Manchester United,2,2,Kevin Friend,14,"13,20","33,39",13,10,7,6,1.67,1.34,St. Mary's Stadium (Southampton- Hampshire)
1543752000,Dec 02 2018 - 12:00pm,40551,Chelsea,Fulham,2,0,Craig Pawson,14,"4,82",,11,9,10,5,1.77,1.23,Stamford Bridge (London)
1543759500,Dec 02 2018 - 2:05pm,59973,Arsenal,Tottenham Hotspur,4,2,Mike Dean,14,"10,56,74,77","30,34",19,10,8,7,2.15,1.4,Emirates Stadium (London)
1543767300,Dec 02 2018 - 4:15pm,51756,Liverpool,Everton,1,0,Chris Kavanagh,14,90'6,,14,8,4,4,1.7,1.07,Anfield (Liverpool)
1543952700,Dec 04 2018 - 7:45pm,9980,AFC Bournemouth,Huddersfield Town,2,1,Roger East,15,"5,22",38,7,17,3,7,0.98,2.32,Vitality Stadium (Bournemouth- Dorset)
1543952700,Dec 04 2018 - 7:45pm,29663,Brighton & Hove Albion,Crystal Palace,3,1,Kevin Friend,15,"24,31,45'4",81,7,14,4,6,1.0,1.88,The American Express Community Stadium (Falmer- East Sussex)
1543952700,Dec 04 2018 - 7:45pm,56811,West Ham United,Cardiff City,3,1,Graham Scott,15,"49,54,61",90'5,15,8,12,6,2.07,1.18,London Stadium (London)
1543953600,Dec 04 2018 - 8:00pm,20389,Watford,Manchester City,1,2,Paul Tierney,15,85,"40,51",10,13,8,8,1.46,1.97,Vicarage Road (Watford)
1544039100,Dec 05 2018 - 7:45pm,21741,Burnley,Liverpool,1,3,Stuart Attwell,15,54,"62,69,90'1",10,15,7,13,1.4,2.23,Turf Moor (Burnley)
1544039100,Dec 05 2018 - 7:45pm,22881,Fulham,Leicester City,1,1,David Coote,15,42,74,18,12,8,6,2.14,1.49,Craven Cottage (London)
1544039100,Dec 05 2018 - 7:45pm,31300,Wolverhampton Wanderers,Chelsea,2,1,Jonathan Moss,15,"59,63",18,6,14,3,4,0.84,1.56,Molineux Stadium (Wolverhampton- West Midlands)
1544039100,Dec 05 2018 - 7:45pm,39350,Everton,Newcastle United,1,1,Lee Mason,15,38,19,12,9,4,6,1.78,1.13,Goodison Park (Liverpool)
1544040000,Dec 05 2018 - 8:00pm,74507,Manchester United,Arsenal,2,2,Andre Marriner,15,"30,69","26,68",8,7,8,5,1.34,1.12,Old Trafford (Manchester)
1544040000,Dec 05 2018 - 8:00pm,33012,Tottenham Hotspur,Southampton,3,1,Anthony Taylor,15,"9,51,55",90'3,12,15,9,6,1.65,1.78,Wembley Stadium (London)
1544272200,Dec 08 2018 - 12:30pm,10752,AFC Bournemouth,Liverpool,0,4,Lee Mason,16,,"25,48,68,77",6,9,3,5,0.88,1.38,Vitality Stadium (Bournemouth- Dorset)
1544281200,Dec 08 2018 - 3:00pm,59893,Arsenal,Huddersfield Town,1,0,Paul Tierney,16,83,,11,6,3,0,1.3,0.66,Emirates Stadium (London)
1544281200,Dec 08 2018 - 3:00pm,18497,Burnley,Brighton & Hove Albion,1,0,Martin Atkinson,16,40,,9,14,5,2,1.16,1.39,Turf Moor (Burnley)
1544281200,Dec 08 2018 - 3:00pm,30067,Cardiff City,Southampton,1,0,Jonathan Moss,16,74,,13,8,5,2,1.54,1.03,Cardiff City Stadium (Cardiff (Caerdydd))
1544281200,Dec 08 2018 - 3:00pm,74523,Manchester United,Fulham,4,1,Lee Probert,16,"13,28,42,82",67,18,9,12,5,2.45,1.24,Old Trafford (Manchester)
1544281200,Dec 08 2018 - 3:00pm,56995,West Ham United,Crystal Palace,3,2,Anthony Taylor,16,"48,62,65","6,76",12,7,7,5,1.71,1.24,London Stadium (London)
1544290200,Dec 08 2018 - 5:30pm,40571,Chelsea,Manchester City,2,0,Michael Oliver,16,"45,78",,7,11,6,5,1.01,1.58,Stamford Bridge (London)
1544298300,Dec 08 2018 - 7:45pm,31957,Leicester City,Tottenham Hotspur,0,2,Craig Pawson,16,,"45'1,58",9,7,4,3,1.29,0.96,King Power Stadium (Leicester- Leicestershire)
1544371200,Dec 09 2018 - 4:00pm,50223,Newcastle United,Wolverhampton Wanderers,1,2,Mike Dean,16,23,"17,90'4",10,12,5,7,1.37,1.59,St. James' Park (Newcastle upon Tyne)
1544472000,Dec 10 2018 - 8:00pm,38400,Everton,Watford,2,2,Kevin Friend,16,"15,90'6","63,65",11,11,6,4,1.48,1.37,Goodison Park (Liverpool)
1544877000,Dec 15 2018 - 12:30pm,54173,Manchester City,Everton,3,1,Craig Pawson,17,"22,50,69",65,10,8,6,3,1.51,0.97,Etihad Stadium (Manchester)
1544886000,Dec 15 2018 - 3:00pm,24738,Crystal Palace,Leicester City,1,0,Michael Oliver,17,39,,7,10,2,3,0.91,1.27,Selhurst Park (London)
1544886000,Dec 15 2018 - 3:00pm,24036,Huddersfield Town,Newcastle United,0,1,Anthony Taylor,17,,55,13,8,6,6,1.94,1.1,John Smith's Stadium (Huddersfield- West Yorkshire)
1544886000,Dec 15 2018 - 3:00pm,41645,Tottenham Hotspur,Burnley,1,0,Graham Scott,17,90'1,,10,3,4,0,1.46,0.43,Wembley Stadium (London)
1544886000,Dec 15 2018 - 3:00pm,20032,Watford,Cardiff City,3,2,Andy Madley,17,"16,52,68","80,82",15,8,9,4,1.98,1.04,Vicarage Road (Watford)
1544886000,Dec 15 2018 - 3:00pm,30997,Wolverhampton Wanderers,AFC Bournemouth,2,0,Simon Hooper,17,"12,90'4",,8,9,5,4,1.11,1.41,Molineux Stadium (Wolverhampton- West Midlands)
1544895000,Dec 15 2018 - 5:30pm,24081,Fulham,West Ham United,0,2,Mike Dean,17,,"17,29",14,6,5,4,1.7,0.97,Craven Cottage (London)
1544967000,Dec 16 2018 - 1:30pm,30645,Brighton & Hove Albion,Chelsea,1,2,Stuart Attwell,17,66,"17,33",6,8,3,4,0.88,1.16,The American Express Community Stadium (Falmer- East Sussex)
1544967000,Dec 16 2018 - 1:30pm,29497,Southampton,Arsenal,3,2,Chris Kavanagh,17,"20,44,85","28,53",9,9,8,5,1.35,1.34,St. Mary's Stadium (Southampton- Hampshire)
1544976000,Dec 16 2018 - 4:00pm,52908,Liverpool,Manchester United,3,1,Martin Atkinson,17,"24,73,80",33,23,6,12,3,2.99,0.8,Anfield (Liverpool)
1545422400,Dec 21 2018 - 8:00pm,31358,Wolverhampton Wanderers,Liverpool,0,2,Craig Pawson,18,,"18,68",10,11,6,7,1.3,1.63,Molineux Stadium (Wolverhampton- West Midlands)
1545481800,Dec 22 2018 - 12:30pm,59493,Arsenal,Burnley,3,1,Kevin Friend,18,"14,48,90'1",63,8,6,7,3,1.31,0.93,Emirates Stadium (London)
1545490800,Dec 22 2018 - 3:00pm,10491,AFC Bournemouth,Brighton & Hove Albion,2,0,Mike Dean,18,"21,77",,11,10,4,6,1.33,1.33,Vitality Stadium (Bournemouth- Dorset)
1545490800,Dec 22 2018 - 3:00pm,40558,Chelsea,Leicester City,0,1,Lee Probert,18,,51,14,6,6,4,2.07,1.04,Stamford Bridge (London)
1545490800,Dec 22 2018 - 3:00pm,22394,Huddersfield Town,Southampton,1,3,Stuart Attwell,18,58,"15,42,71",11,13,6,7,1.49,1.53,John Smith's Stadium (Huddersfield- West Yorkshire)
1545490800,Dec 22 2018 - 3:00pm,54340,Manchester City,Crystal Palace,2,3,Andre Marriner,18,"27,85","33,35,51",15,6,6,4,2.25,0.77,Etihad Stadium (Manchester)
1545490800,Dec 22 2018 - 3:00pm,51237,Newcastle United,Fulham,0,0,Martin Atkinson,18,,,6,3,0,3,0.87,0.65,St. James' Park (Newcastle upon Tyne)
1545490800,Dec 22 2018 - 3:00pm,56833,West Ham United,Watford,0,2,Lee Mason,18,,"30,87",13,7,8,6,1.92,1.28,London Stadium (London)
1545499800,Dec 22 2018 - 5:30pm,33028,Cardiff City,Manchester United,1,5,Michael Oliver,18,38,"3,29,41,57,90",9,14,4,10,1.17,1.88,Cardiff City Stadium (Cardiff (Caerdydd))
1545580800,Dec 23 2018 - 4:00pm,39319,Everton,Tottenham Hotspur,2,6,Paul Tierney,18,"21,51","27,35,42,48,61,74",9,16,4,9,1.24,1.83,Goodison Park (Liverpool)
1545827400,Dec 26 2018 - 12:30pm,24382,Fulham,Wolverhampton Wanderers,1,1,Andre Marriner,19,74,85,11,13,6,6,1.34,1.76,Craven Cottage (London)
1545836400,Dec 26 2018 - 3:00pm,21484,Burnley,Everton,1,5,Michael Oliver,19,36,"2,13,22,71,90'3",11,10,5,7,1.49,1.41,Turf Moor (Burnley)
1545836400,Dec 26 2018 - 3:00pm,25206,Crystal Palace,Cardiff City,0,0,Lee Probert,19,,,18,9,6,5,2.19,1.21,Selhurst Park (London)
1545836400,Dec 26 2018 - 3:00pm,32090,Leicester City,Manchester City,2,1,Mike Dean,19,"19,81",14,10,9,6,5,1.27,1.63,King Power Stadium (Leicester- Leicestershire)
1545836400,Dec 26 2018 - 3:00pm,53318,Liverpool,Newcastle United,4,0,Graham Scott,19,"11,47,79,85",,13,7,9,3,1.97,0.87,Anfield (Liverpool)
1545836400,Dec 26 2018 - 3:00pm,74523,Manchester United,Huddersfield Town,3,1,Jonathan Moss,19,"28,64,78",88,13,10,11,3,1.96,1.11,Old Trafford (Manchester)
1545836400,Dec 26 2018 - 3:00pm,45154,Tottenham Hotspur,AFC Bournemouth,5,0,Chris Kavanagh,19,"16,23,35,61,70",,10,11,8,5,1.46,1.38,Wembley Stadium (London)
1545844500,Dec 26 2018 - 5:15pm,30608,Brighton & Hove Albion,Arsenal,1,1,Anthony Taylor,19,35,7,12,6,4,5,1.35,1.15,The American Express Community Stadium (Falmer- East Sussex)
1545852600,Dec 26 2018 - 7:30pm,20415,Watford,Chelsea,1,2,Martin Atkinson,19,45'3,"45'1,58",9,10,3,5,1.23,1.45,Vicarage Road (Watford)
1545939900,Dec 27 2018 - 7:45pm,31654,Southampton,West Ham United,1,2,Craig Pawson,19,50,"53,59",9,12,6,6,1.29,1.6,St. Mary's Stadium (Southampton- Hampshire)
1546095600,Dec 29 2018 - 3:00pm,30597,Brighton & Hove Albion,Everton,1,0,Andy Madley,20,59,,7,11,4,5,1.09,1.47,The American Express Community Stadium (Falmer- East Sussex)
1546095600,Dec 29 2018 - 3:00pm,24423,Fulham,Huddersfield Town,1,0,Kevin Friend,20,90'1,,13,7,6,6,1.61,1.14,Craven Cottage (London)
1546095600,Dec 29 2018 - 3:00pm,32047,Leicester City,Cardiff City,0,1,Simon Hooper,20,,90'2,11,7,8,4,1.62,1.18,King Power Stadium (Leicester- Leicestershire)
1546095600,Dec 29 2018 - 3:00pm,46356,Tottenham Hotspur,Wolverhampton Wanderers,1,3,Stuart Attwell,20,22,"72,83,87",8,9,4,5,1.19,1.33,Wembley Stadium (London)
1546095600,Dec 29 2018 - 3:00pm,20336,Watford,Newcastle United,1,1,Roger East,20,82,29,8,7,6,3,1.46,0.97,Vicarage Road (Watford)
1546104600,Dec 29 2018 - 5:30pm,53326,Liverpool,Arsenal,5,1,Michael Oliver,20,"14,16,32,45'2,65",11,14,6,11,3,2.0,0.9,Anfield (Liverpool)
1546171200,Dec 30 2018 - 12:00pm,25781,Crystal Palace,Chelsea,0,1,Craig Pawson,20,,51,3,9,0,5,0.46,1.57,Selhurst Park (London)
1546179300,Dec 30 2018 - 2:15pm,20933,Burnley,West Ham United,2,0,David Coote,20,"15,34",,15,7,6,5,1.77,1.17,Turf Moor (Burnley)
1546179300,Dec 30 2018 - 2:15pm,31381,Southampton,Manchester City,1,3,Paul Tierney,20,37,"10,45,45'3",6,11,5,7,0.87,1.74,St. Mary's Stadium (Southampton- Hampshire)
1546187400,Dec 30 2018 - 4:30pm,74556,Manchester United,AFC Bournemouth,4,1,Lee Mason,20,"5,33,45,72",45'2,9,6,9,4,1.58,1.0,Old Trafford (Manchester)
1546345800,Jan 01 2019 - 12:30pm,39052,Everton,Leicester City,0,1,Martin Atkinson,21,,58,10,8,3,5,1.52,1.19,Goodison Park (Liverpool)
1546354800,Jan 01 2019 - 3:00pm,59887,Arsenal,Fulham,4,1,Graham Scott,21,"25,55,79,83",69,14,9,10,5,2.14,1.17,Emirates Stadium (London)
1546363800,Jan 01 2019 - 5:30pm,32485,Cardiff City,Tottenham Hotspur,0,3,Kevin Friend,21,,"3,12,26",6,11,4,5,0.92,1.32,Cardiff City Stadium (Cardiff (Caerdydd))
1546458300,Jan 02 2019 - 7:45pm,40668,Chelsea,Southampton,0,0,Jonathan Moss,21,,,9,6,7,3,1.56,0.95,Stamford Bridge (London)
1546458300,Jan 02 2019 - 7:45pm,23715,Huddersfield Town,Burnley,1,2,Mike Dean,21,33,"40,74",6,16,3,9,0.87,2.08,John Smith's Stadium (Huddersfield- West Yorkshire)
1546458300,Jan 02 2019 - 7:45pm,59870,West Ham United,Brighton & Hove Albion,2,2,Chris Kavanagh,21,"66,68","56,58",13,9,7,7,1.61,1.35,London Stadium (London)
1546458300,Jan 02 2019 - 7:45pm,30666,Wolverhampton Wanderers,Crystal Palace,0,2,Roger East,21,,"83,90'5",7,11,2,5,0.92,1.54,Molineux Stadium (Wolverhampton- West Midlands)
1546459200,Jan 02 2019 - 8:00pm,10261,AFC Bournemouth,Watford,3,3,David Coote,21,"34,37,40","14,27,38",21,10,13,4,2.58,1.18,Vitality Stadium (Bournemouth- Dorset)
1546459200,Jan 02 2019 - 8:00pm,52217,Newcastle United,Manchester United,0,2,Andre Marriner,21,,"64,80",12,14,4,8,1.29,1.77,St. James' Park (Newcastle upon Tyne)
1546545600,Jan 03 2019 - 8:00pm,54511,Manchester City,Liverpool,2,1,Anthony Taylor,21,"40,72",64,9,8,5,6,1.27,1.2,Etihad Stadium (Manchester)
1547296200,Jan 12 2019 - 12:30pm,59946,West Ham United,Arsenal,1,0,Jonathan Moss,22,48,,11,11,4,3,1.37,1.2,London Stadium (London)
1547305200,Jan 12 2019 - 3:00pm,30862,Brighton & Hove Albion,Liverpool,0,1,Kevin Friend,22,,50,6,9,0,4,0.61,1.29,The American Express Community Stadium (Falmer- East Sussex)
1547305200,Jan 12 2019 - 3:00pm,19316,Burnley,Fulham,2,1,Martin Atkinson,22,"20,23",2,7,9,2,5,0.87,1.37,Turf Moor (Burnley)
1547305200,Jan 12 2019 - 3:00pm,30725,Cardiff City,Huddersfield Town,0,0,Lee Mason,22,,,0,7,0,3,0.32,1.05,Cardiff City Stadium (Cardiff (Caerdydd))
1547305200,Jan 12 2019 - 3:00pm,25010,Crystal Palace,Watford,1,2,Paul Tierney,22,38,"67,74",13,12,7,3,1.9,1.37,Selhurst Park (London)
1547305200,Jan 12 2019 - 3:00pm,31491,Leicester City,Southampton,1,2,Michael Oliver,22,58,"11,45'2",15,7,7,4,2.24,0.89,King Power Stadium (Leicester- Leicestershire)
1547314200,Jan 12 2019 - 5:30pm,40491,Chelsea,Newcastle United,2,1,Chris Kavanagh,22,"9,57",40,9,9,7,3,1.53,1.01,Stamford Bridge (London)
1547388900,Jan 13 2019 - 2:15pm,38113,Everton,AFC Bournemouth,2,0,Anthony Taylor,22,"61,90'5",,12,15,4,8,1.41,1.98,Goodison Park (Liverpool)
1547397000,Jan 13 2019 - 4:30pm,80062,Tottenham Hotspur,Manchester United,0,1,Mike Dean,22,,44,18,12,12,9,2.43,1.64,Wembley Stadium (London)
1547496000,Jan 14 2019 - 8:00pm,54171,Manchester City,Wolverhampton Wanderers,3,0,Craig Pawson,22,"10,39,78",,17,2,10,0,2.68,0.2,Etihad Stadium (Manchester)
1547901000,Jan 19 2019 - 12:30pm,31278,Wolverhampton Wanderers,Leicester City,4,3,Chris Kavanagh,23,"4,12,64,90'3","47,51,87",11,12,8,7,1.5,1.79,Molineux Stadium (Wolverhampton- West Midlands)
1547910000,Jan 19 2019 - 3:00pm,10495,AFC Bournemouth,West Ham United,2,0,Simon Hooper,23,"53,90'1",,10,8,5,2,1.42,1.1,Vitality Stadium (Bournemouth- Dorset)
1547910000,Jan 19 2019 - 3:00pm,53171,Liverpool,Crystal Palace,4,3,Jonathan Moss,23,"46,53,75,90'3","34,65,90'5",17,7,10,4,2.49,0.9,Anfield (Liverpool)
1547910000,Jan 19 2019 - 3:00pm,74532,Manchester United,Brighton & Hove Albion,2,1,Paul Tierney,23,"27,42",72,15,7,6,4,1.71,1.04,Old Trafford (Manchester)
1547910000,Jan 19 2019 - 3:00pm,49864,Newcastle United,Cardiff City,3,0,Stuart Attwell,23,"24,63,90'3",,12,7,7,2,1.65,0.98,St. James' Park (Newcastle upon Tyne)
1547910000,Jan 19 2019 - 3:00pm,29989,Southampton,Everton,2,1,Graham Scott,23,"50,64",90'1,9,4,5,3,1.24,0.93,St. Mary's Stadium (Southampton- Hampshire)
1547910000,Jan 19 2019 - 3:00pm,19510,Watford,Burnley,0,0,Michael Oliver,23,,,8,11,5,4,1.15,1.41,Vicarage Road (Watford)
1547919000,Jan 19 2019 - 5:30pm,59979,Arsenal,Chelsea,2,0,Anthony Taylor,23,"14,39",,13,11,6,2,1.64,1.52,Emirates Stadium (London)
1547991000,Jan 20 2019 - 1:30pm,24190,Huddersfield Town,Manchester City,0,3,Andre Marriner,23,,"18,54,56",6,11,3,5,0.85,1.36,John Smith's Stadium (Huddersfield- West Yorkshire)
1548000000,Jan 20 2019 - 4:00pm,24807,Fulham,Tottenham Hotspur,1,2,Craig Pawson,23,17,"51,90'3",10,12,5,6,1.17,1.79,Craven Cottage (London)
1548791100,Jan 29 2019 - 7:45pm,59933,Arsenal,Cardiff City,2,1,Mike Dean,24,"66,83",90'3,10,12,5,3,1.5,1.29,Emirates Stadium (London)
1548791100,Jan 29 2019 - 7:45pm,22008,Fulham,Brighton & Hove Albion,4,2,Lee Probert,24,"47,58,74,79","3,17",18,11,9,7,2.35,1.58,Craven Cottage (London)
1548791100,Jan 29 2019 - 7:45pm,23699,Huddersfield Town,Everton,0,1,Stuart Attwell,24,,3,9,10,3,6,1.22,1.24,John Smith's Stadium (Huddersfield- West Yorkshire)
1548791100,Jan 29 2019 - 7:45pm,31122,Wolverhampton Wanderers,West Ham United,3,0,David Coote,24,"66,80,86",,14,4,10,0,1.97,0.56,Molineux Stadium (Wolverhampton- West Midlands)
1548792000,Jan 29 2019 - 8:00pm,74529,Manchester United,Burnley,2,2,Jonathan Moss,24,"87,90'2","51,81",21,5,10,5,2.76,0.86,Old Trafford (Manchester)
1548792000,Jan 29 2019 - 8:00pm,50861,Newcastle United,Manchester City,2,1,Paul Tierney,24,"66,80",1,6,8,3,5,0.76,1.45,St. James' Park (Newcastle upon Tyne)
1548877500,Jan 30 2019 - 7:45pm,10227,AFC Bournemouth,Chelsea,4,0,Roger East,24,"47,63,74,90'5",,10,10,8,8,1.36,1.89,Vitality Stadium (Bournemouth- Dorset)
1548877500,Jan 30 2019 - 7:45pm,28339,Southampton,Crystal Palace,1,1,Andre Marriner,24,77,41,10,13,5,4,1.47,1.42,St. Mary's Stadium (Southampton- Hampshire)
1548878400,Jan 30 2019 - 8:00pm,53092,Liverpool,Leicester City,1,1,Martin Atkinson,24,3,45'2,9,5,4,3,1.51,0.79,Anfield (Liverpool)
1548878400,Jan 30 2019 - 8:00pm,29164,Tottenham Hotspur,Watford,2,1,Graham Scott,24,"80,87",38,10,7,4,2,1.54,0.82,Wembley Stadium (London)
1549110600,Feb 02 2019 - 12:30pm,41219,Tottenham Hotspur,Newcastle United,1,0,Andre Marriner,25,83,,13,6,5,3,1.86,0.78,Wembley Stadium (London)
1549119600,Feb 02 2019 - 3:00pm,30414,Brighton & Hove Albion,Watford,0,0,Simon Hooper,25,,,18,6,5,0,2.1,0.63,The American Express Community Stadium (Falmer- East Sussex)
1549119600,Feb 02 2019 - 3:00pm,19787,Burnley,Southampton,1,1,Anthony Taylor,25,90'4,55,10,8,7,5,1.61,1.14,Turf Moor (Burnley)
1549119600,Feb 02 2019 - 3:00pm,40626,Chelsea,Huddersfield Town,5,0,Paul Tierney,25,"16,45'1,66,69,86",,16,4,8,3,2.14,0.76,Stamford Bridge (London)
1549119600,Feb 02 2019 - 3:00pm,25355,Crystal Palace,Fulham,2,0,Michael Oliver,25,"25,87",,12,8,7,0,1.61,0.88,Selhurst Park (London)
1549119600,Feb 02 2019 - 3:00pm,39380,Everton,Wolverhampton Wanderers,1,3,Lee Mason,25,27,"7,45,66",7,7,5,5,1.19,1.01,Goodison Park (Liverpool)
1549128600,Feb 02 2019 - 5:30pm,31939,Cardiff City,AFC Bournemouth,2,0,Jonathan Moss,25,"5,46",,6,8,6,3,1.07,1.2,Cardiff City Stadium (Cardiff (Caerdydd))
1549202700,Feb 03 2019 - 2:05pm,32148,Leicester City,Manchester United,0,1,Mike Dean,25,,9,15,9,7,7,1.9,1.42,King Power Stadium (Leicester- Leicestershire)
1549211400,Feb 03 2019 - 4:30pm,54483,Manchester City,Arsenal,3,1,Martin Atkinson,25,"1,44,61",11,16,3,13,3,2.42,0.55,Etihad Stadium (Manchester)
1549310400,Feb 04 2019 - 8:00pm,59903,West Ham United,Liverpool,1,1,Kevin Friend,25,28,22,10,10,3,7,1.09,1.59,London Stadium (London)
1549482300,Feb 06 2019 - 7:45pm,39322,Everton,Manchester City,0,2,Craig Pawson,27,,"45'2,90'7",2,9,2,5,0.77,1.43,Goodison Park (Liverpool)
1549715400,Feb 09 2019 - 12:30pm,25001,Fulham,Manchester United,0,3,Paul Tierney,26,,"14,23,65",11,12,4,8,1.42,1.79,Craven Cottage (London)
1549724400,Feb 09 2019 - 3:00pm,25552,Crystal Palace,West Ham United,1,1,Craig Pawson,26,76,27,16,5,6,5,1.98,1.07,Selhurst Park (London)
1549724400,Feb 09 2019 - 3:00pm,24182,Huddersfield Town,Arsenal,1,2,Jonathan Moss,26,90'3,"16,44",14,9,8,5,1.92,1.09,John Smith's Stadium (Huddersfield- West Yorkshire)
1549724400,Feb 09 2019 - 3:00pm,53178,Liverpool,AFC Bournemouth,3,0,Anthony Taylor,26,"24,34,48",,16,8,10,3,2.29,1.0,Anfield (Liverpool)
1549724400,Feb 09 2019 - 3:00pm,31438,Southampton,Cardiff City,1,2,Martin Atkinson,26,90'1,"69,90'3",13,7,8,4,1.86,1.01,St. Mary's Stadium (Southampton- Hampshire)
1549724400,Feb 09 2019 - 3:00pm,20333,Watford,Everton,1,0,Lee Probert,26,65,,6,9,3,5,0.96,1.29,Vicarage Road (Watford)
1549733400,Feb 09 2019 - 5:30pm,29323,Brighton & Hove Albion,Burnley,1,3,Stuart Attwell,26,76,"26,61,74",11,8,7,6,1.81,1.14,The American Express Community Stadium (Falmer- East Sussex)
1549805400,Feb 10 2019 - 1:30pm,44154,Tottenham Hotspur,Leicester City,3,1,Michael Oliver,26,"33,63,90'1",76,8,19,6,10,1.21,2.32,Wembley Stadium (London)
1549814400,Feb 10 2019 - 4:00pm,54452,Manchester City,Chelsea,6,0,Mike Dean,26,"4,13,19,25,56,80",,15,8,10,5,1.98,1.24,Etihad Stadium (Manchester)
1549915200,Feb 11 2019 - 8:00pm,30687,Wolverhampton Wanderers,Newcastle United,1,1,Graham Scott,26,90'5,56,15,6,7,4,1.96,0.85,Molineux Stadium (Wolverhampton- West Midlands)
1550864700,Feb 22 2019 - 7:45pm,30387,Cardiff City,Watford,1,5,Simon Hooper,27,82,"18,61,63,73,90'1",12,12,7,8,1.57,1.62,Cardiff City Stadium (Cardiff (Caerdydd))
1550864700,Feb 22 2019 - 7:45pm,59950,West Ham United,Fulham,3,1,Lee Mason,27,"29,40,90'1",3,17,8,8,6,2.15,1.15,London Stadium (London)
1550925000,Feb 23 2019 - 12:30pm,21338,Burnley,Tottenham Hotspur,2,1,Mike Dean,27,"57,83",65,8,12,5,7,1.28,1.75,Turf Moor (Burnley)
1550934000,Feb 23 2019 - 3:00pm,10671,AFC Bournemouth,Wolverhampton Wanderers,1,1,Roger East,27,14,83,9,8,4,3,1.29,1.11,Vitality Stadium (Bournemouth- Dorset)
1550934000,Feb 23 2019 - 3:00pm,52174,Newcastle United,Huddersfield Town,2,0,Kevin Friend,27,"46,52",,24,2,13,0,2.99,0.37,St. James' Park (Newcastle upon Tyne)
1550943000,Feb 23 2019 - 5:30pm,31778,Leicester City,Crystal Palace,1,4,Anthony Taylor,27,64,"40,70,81,90'3",16,8,6,6,2.06,1.15,King Power Stadium (Leicester- Leicestershire)
1551017100,Feb 24 2019 - 2:05pm,59877,Arsenal,Southampton,2,0,Graham Scott,27,"6,17",,9,8,5,5,1.4,1.28,Emirates Stadium (London)
1551017100,Feb 24 2019 - 2:05pm,74519,Manchester United,Liverpool,0,0,Michael Oliver,27,,,5,6,4,2,0.76,1.07,Old Trafford (Manchester)
1551210300,Feb 26 2019 - 7:45pm,31849,Cardiff City,Everton,0,3,Kevin Friend,28,,"41,66,90'3",6,10,0,5,0.85,1.35,Cardiff City Stadium (Cardiff (Caerdydd))
1551210300,Feb 26 2019 - 7:45pm,22714,Huddersfield Town,Wolverhampton Wanderers,1,0,David Coote,28,90'1,,13,6,4,0,1.44,0.77,John Smith's Stadium (Huddersfield- West Yorkshire)
1551210300,Feb 26 2019 - 7:45pm,30558,Leicester City,Brighton & Hove Albion,2,1,Lee Probert,28,"10,63",66,13,13,4,4,1.44,1.58,King Power Stadium (Leicester- Leicestershire)
1551211200,Feb 26 2019 - 8:00pm,48323,Newcastle United,Burnley,2,0,Craig Pawson,28,"24,38",,13,9,4,3,1.36,1.21,St. James' Park (Newcastle upon Tyne)
1551296700,Feb 27 2019 - 7:45pm,59618,Arsenal,AFC Bournemouth,5,1,Chris Kavanagh,28,"4,27,47,59,78",30,12,9,8,6,1.82,1.25,Emirates Stadium (London)
1551296700,Feb 27 2019 - 7:45pm,27597,Southampton,Fulham,2,0,Anthony Taylor,28,"23,40",,12,9,5,5,1.49,1.19,St. Mary's Stadium (Southampton- Hampshire)
1551297600,Feb 27 2019 - 8:00pm,25754,Crystal Palace,Manchester United,1,3,Martin Atkinson,28,66,"33,52,83",14,10,3,5,1.48,1.32,Selhurst Park (London)
1551297600,Feb 27 2019 - 8:00pm,40542,Chelsea,Tottenham Hotspur,2,0,Andre Marriner,28,"57,84",,10,6,2,0,1.05,0.82,Stamford Bridge (London)
1551297600,Feb 27 2019 - 8:00pm,53316,Liverpool,Watford,5,0,Graham Scott,28,"9,20,66,79,82",,15,5,11,4,2.31,0.83,Anfield (Liverpool)
1551297600,Feb 27 2019 - 8:00pm,53528,Manchester City,West Ham United,1,0,Stuart Attwell,28,59,,18,3,8,2,2.51,0.48,Etihad Stadium (Manchester)
1551529800,Mar 02 2019 - 12:30pm,81332,Tottenham Hotspur,Arsenal,1,1,Anthony Taylor,29,74,16,11,7,4,5,1.32,1.1,Wembley Stadium (London)
1551538800,Mar 02 2019 - 3:00pm,10699,AFC Bournemouth,Manchester City,0,1,Kevin Friend,29,,55,0,18,0,8,0.11,2.36,Vitality Stadium (Bournemouth- Dorset)
1551538800,Mar 02 2019 - 3:00pm,30182,Brighton & Hove Albion,Huddersfield Town,1,0,Mike Dean,29,79,,11,5,5,5,1.53,0.87,The American Express Community Stadium (Falmer- East Sussex)
1551538800,Mar 02 2019 - 3:00pm,19223,Burnley,Crystal Palace,1,3,Lee Probert,29,90,"15,48,76",15,9,5,5,1.86,1.19,Turf Moor (Burnley)
1551538800,Mar 02 2019 - 3:00pm,74459,Manchester United,Southampton,3,2,Stuart Attwell,29,"53,59,88","26,75",16,8,7,4,1.88,1.16,Old Trafford (Manchester)
1551538800,Mar 02 2019 - 3:00pm,31309,Wolverhampton Wanderers,Cardiff City,2,0,Andre Marriner,29,"16,18",,12,9,7,5,1.49,1.54,Molineux Stadium (Wolverhampton- West Midlands)
1551547800,Mar 02 2019 - 5:30pm,59910,West Ham United,Newcastle United,2,0,Chris Kavanagh,29,"7,42",,8,9,5,3,1.17,1.05,London Stadium (London)
1551614400,Mar 03 2019 - 12:00pm,20062,Watford,Leicester City,2,1,Jonathan Moss,29,"5,90'2",75,6,9,6,3,1.09,1.29,Vicarage Road (Watford)
1551621900,Mar 03 2019 - 2:05pm,24900,Fulham,Chelsea,1,2,Graham Scott,29,27,"20,31",10,13,6,8,1.43,1.79,Craven Cottage (London)
1551629700,Mar 03 2019 - 4:15pm,39335,Everton,Liverpool,0,0,Martin Atkinson,29,,,7,7,4,4,1.14,1.09,Goodison Park (Liverpool)
1552134600,Mar 09 2019 - 12:30pm,24972,Crystal Palace,Brighton & Hove Albion,1,2,Craig Pawson,30,50,"19,74",9,5,4,4,1.4,0.87,Selhurst Park (London)
1552143600,Mar 09 2019 - 3:00pm,32458,Cardiff City,West Ham United,2,0,Graham Scott,30,"4,52",,14,8,8,3,1.8,1.08,Cardiff City Stadium (Cardiff (Caerdydd))
1552143600,Mar 09 2019 - 3:00pm,22304,Huddersfield Town,AFC Bournemouth,0,2,Anthony Taylor,30,,"20,66",5,9,2,6,0.9,1.3,John Smith's Stadium (Huddersfield- West Yorkshire)
1552143600,Mar 09 2019 - 3:00pm,32017,Leicester City,Fulham,3,1,David Coote,30,"21,78,86",51,17,5,9,4,2.06,0.82,King Power Stadium (Leicester- Leicestershire)
1552143600,Mar 09 2019 - 3:00pm,52242,Newcastle United,Everton,3,2,Lee Mason,30,"65,81,84","18,32",15,6,8,4,1.86,1.1,St. James' Park (Newcastle upon Tyne)
1552143600,Mar 09 2019 - 3:00pm,31890,Southampton,Tottenham Hotspur,2,1,Kevin Friend,30,"76,81",26,9,15,5,6,1.27,1.78,St. Mary's Stadium (Southampton- Hampshire)
1552152600,Mar 09 2019 - 5:30pm,54104,Manchester City,Watford,3,1,Paul Tierney,30,"46,50,59",66,17,2,10,2,2.41,0.37,Etihad Stadium (Manchester)
1552219200,Mar 10 2019 - 12:00pm,53310,Liverpool,Burnley,4,2,Andre Marriner,30,"19,29,67,90'3","6,90'1",14,3,6,3,1.88,0.75,Anfield (Liverpool)
1552226700,Mar 10 2019 - 2:05pm,40692,Chelsea,Wolverhampton Wanderers,1,1,Michael Oliver,30,90'2,56,9,3,7,2,1.96,0.44,Stamford Bridge (London)
1552235400,Mar 10 2019 - 4:30pm,60000,Arsenal,Manchester United,2,0,Jonathan Moss,30,"12,69",,11,12,4,5,1.36,1.46,Emirates Stadium (London)
1552748400,Mar 16 2019 - 3:00pm,10625,AFC Bournemouth,Newcastle United,2,2,Mike Dean,31,"48,81","45'5,90'4",11,9,4,5,1.32,1.26,Vitality Stadium (Bournemouth- Dorset)
1552748400,Mar 16 2019 - 3:00pm,20719,Burnley,Leicester City,1,2,Michael Oliver,31,38,"33,90",10,5,3,5,1.41,0.9,Turf Moor (Burnley)
1552748400,Mar 16 2019 - 3:00pm,59931,West Ham United,Huddersfield Town,4,3,Jonathan Moss,31,"15,75,84,90'1","17,30,65",11,12,6,6,1.61,1.36,London Stadium (London)
1552832100,Mar 17 2019 - 2:15pm,25043,Fulham,Liverpool,1,2,Craig Pawson,31,74,"26,81",5,14,3,7,0.7,2.01,Craven Cottage (London)
1552840200,Mar 17 2019 - 4:30pm,39356,Everton,Chelsea,2,0,Anthony Taylor,31,"49,72",,13,11,9,6,1.73,1.65,Goodison Park (Liverpool)
1553949000,Mar 30 2019 - 12:30pm,25001,Fulham,Manchester City,0,2,Kevin Friend,32,,"5,27",4,16,0,8,0.46,2.09,Craven Cottage (London)
1553958000,Mar 30 2019 - 3:00pm,30636,Brighton & Hove Albion,Southampton,0,1,Michael Oliver,32,,53,11,7,2,3,1.23,0.99,The American Express Community Stadium (Falmer- East Sussex)
1553958000,Mar 30 2019 - 3:00pm,20990,Burnley,Wolverhampton Wanderers,2,0,Chris Kavanagh,32,"2,77",,5,5,2,2,0.66,0.89,Turf Moor (Burnley)
1553958000,Mar 30 2019 - 3:00pm,25193,Crystal Palace,Huddersfield Town,2,0,Lee Probert,32,"76,88",,12,13,6,6,1.53,1.58,Selhurst Park (London)
1553958000,Mar 30 2019 - 3:00pm,31530,Leicester City,AFC Bournemouth,2,0,Lee Mason,32,"11,82",,14,7,5,3,1.66,0.98,King Power Stadium (Leicester- Leicestershire)
1553958000,Mar 30 2019 - 3:00pm,74543,Manchester United,Watford,2,1,Stuart Attwell,32,"28,72",90,7,15,6,9,1.23,2.13,Old Trafford (Manchester)
1553967000,Mar 30 2019 - 5:30pm,59988,West Ham United,Everton,0,2,Paul Tierney,32,,"5,33",4,14,2,10,0.77,1.99,London Stadium (London)
1554037500,Mar 31 2019 - 1:05pm,32657,Cardiff City,Chelsea,1,2,Craig Pawson,32,46,"84,90'1",8,13,4,4,1.03,1.47,Cardiff City Stadium (Cardiff (Caerdydd))
1554046200,Mar 31 2019 - 3:30pm,53322,Liverpool,Tottenham Hotspur,2,1,Martin Atkinson,32,"16,90",70,12,10,4,3,1.4,1.15,Anfield (Liverpool)
1554145200,Apr 01 2019 - 7:00pm,59869,Arsenal,Newcastle United,2,0,Anthony Taylor,32,"30,83",,6,4,5,2,1.15,0.58,Emirates Stadium (London)
1554230700,Apr 02 2019 - 6:45pm,17301,Watford,Fulham,4,1,Roger East,33,"23,63,69,75",33,9,11,8,8,1.6,1.63,Vicarage Road (Watford)
1554230700,Apr 02 2019 - 6:45pm,31302,Wolverhampton Wanderers,Manchester United,2,1,Mike Dean,33,"25,77",13,8,12,3,5,0.97,1.48,Molineux Stadium (Wolverhampton- West Midlands)
1554317100,Apr 03 2019 - 6:45pm,38593,Chelsea,Brighton & Hove Albion,3,0,Graham Scott,27,"38,60,63",,13,4,5,2,1.84,0.59,Stamford Bridge (London)
1554317100,Apr 03 2019 - 6:45pm,59215,Tottenham Hotspur,Crystal Palace,2,0,Andre Marriner,31,"55,80",,20,6,11,2,2.71,0.71,Tottenham Hotspur Stadium (London)
1554317100,Apr 03 2019 - 6:45pm,53559,Manchester City,Cardiff City,2,0,Jonathan Moss,33,"6,44",,26,4,12,2,3.07,0.51,Etihad Stadium (Manchester)
1554490800,Apr 05 2019 - 7:00pm,31797,Southampton,Liverpool,1,3,Paul Tierney,33,9,"36,80,86",8,13,2,6,0.95,1.69,St. Mary's Stadium (Southampton- Hampshire)
1554559200,Apr 06 2019 - 2:00pm,10446,AFC Bournemouth,Burnley,1,3,Martin Atkinson,33,4,"18,20,56",8,8,3,4,1.04,1.21,Vitality Stadium (Bournemouth- Dorset)
1554559200,Apr 06 2019 - 2:00pm,24126,Huddersfield Town,Leicester City,1,4,David Coote,33,52,"24,48,79,84",8,17,5,10,1.16,2.05,John Smith's Stadium (Huddersfield- West Yorkshire)
1554559200,Apr 06 2019 - 2:00pm,51926,Newcastle United,Crystal Palace,0,1,Stuart Attwell,33,,81,15,4,6,2,1.83,0.67,St. James' Park (Newcastle upon Tyne)
1554642300,Apr 07 2019 - 1:05pm,39400,Everton,Arsenal,1,0,Kevin Friend,33,10,,16,6,7,3,1.97,0.98,Goodison Park (Liverpool)
1554750000,Apr 08 2019 - 7:00pm,40537,Chelsea,West Ham United,2,0,Chris Kavanagh,33,"24,90",,14,6,8,3,1.94,0.96,Stamford Bridge (London)
1555095600,Apr 12 2019 - 7:00pm,32108,Leicester City,Newcastle United,0,1,Chris Kavanagh,34,,32,12,11,6,6,1.54,1.27,King Power Stadium (Leicester- Leicestershire)
1555155000,Apr 13 2019 - 11:30am,58308,Tottenham Hotspur,Huddersfield Town,4,0,Lee Mason,34,"24,27,87,90'3",,14,7,6,2,1.69,0.83,Tottenham Hotspur Stadium (London)
1555164000,Apr 13 2019 - 2:00pm,30460,Brighton & Hove Albion,AFC Bournemouth,0,5,Kevin Friend,34,,"33,55,74,82,90'2",5,12,2,8,0.87,1.59,The American Express Community Stadium (Falmer- East Sussex)
1555164000,Apr 13 2019 - 2:00pm,21480,Burnley,Cardiff City,2,0,Mike Dean,34,"31,90'2",,14,10,8,3,1.85,1.17,Turf Moor (Burnley)
1555164000,Apr 13 2019 - 2:00pm,24971,Fulham,Everton,2,0,Lee Probert,34,"46,69",,13,8,6,2,1.49,1.18,Craven Cottage (London)
1555164000,Apr 13 2019 - 2:00pm,31708,Southampton,Wolverhampton Wanderers,3,1,Jonathan Moss,34,"2,30,71",28,11,11,7,3,1.41,1.39,St. Mary's Stadium (Southampton- Hampshire)
1555173000,Apr 13 2019 - 4:30pm,74478,Manchester United,West Ham United,2,1,Graham Scott,34,"19,80",49,10,11,5,5,1.37,1.56,Old Trafford (Manchester)
1555247100,Apr 14 2019 - 1:05pm,25721,Crystal Palace,Manchester City,1,3,Martin Atkinson,34,81,"15,63,90",6,14,4,7,0.85,2.05,Selhurst Park (London)
1555255800,Apr 14 2019 - 3:30pm,53279,Liverpool,Chelsea,2,0,Michael Oliver,34,"51,53",,11,6,8,4,1.87,0.96,Anfield (Liverpool)
1555354800,Apr 15 2019 - 7:00pm,20480,Watford,Arsenal,0,1,Craig Pawson,34,,10,7,12,4,6,1.07,1.61,Vicarage Road (Watford)
1555440300,Apr 16 2019 - 6:45pm,30226,Brighton & Hove Albion,Cardiff City,0,2,Andre Marriner,31,,"22,50",11,7,3,4,1.46,0.97,The American Express Community Stadium (Falmer- East Sussex)
1555759800,Apr 20 2019 - 11:30am,54489,Manchester City,Tottenham Hotspur,1,0,Michael Oliver,35,5,,11,8,5,5,1.58,1.06,Etihad Stadium (Manchester)
1555768800,Apr 20 2019 - 2:00pm,10511,AFC Bournemouth,Fulham,0,1,David Coote,35,,53,12,12,6,6,1.49,1.6,Vitality Stadium (Bournemouth- Dorset)
1555768800,Apr 20 2019 - 2:00pm,23957,Huddersfield Town,Watford,1,2,Roger East,35,90'3,"5,80",9,11,4,7,1.15,1.47,John Smith's Stadium (Huddersfield- West Yorkshire)
1555768800,Apr 20 2019 - 2:00pm,59960,West Ham United,Leicester City,2,2,Lee Probert,35,"37,82","67,90'2",9,11,4,6,1.34,1.51,London Stadium (London)
1555768800,Apr 20 2019 - 2:00pm,31096,Wolverhampton Wanderers,Brighton & Hove Albion,0,0,Craig Pawson,35,,,20,5,6,0,2.45,0.5,Molineux Stadium (Wolverhampton- West Midlands)
1555777800,Apr 20 2019 - 4:30pm,52191,Newcastle United,Southampton,3,1,Anthony Taylor,35,"27,31,86",59,11,11,7,4,1.45,1.37,St. James' Park (Newcastle upon Tyne)
1555849800,Apr 21 2019 - 12:30pm,39395,Everton,Manchester United,4,0,Paul Tierney,35,"13,28,56,64",,12,7,9,2,1.7,0.95,Goodison Park (Liverpool)
1555858800,Apr 21 2019 - 3:00pm,59929,Arsenal,Crystal Palace,2,3,Jonathan Moss,35,"47,77","17,61,69",11,13,6,8,1.83,1.67,Emirates Stadium (London)
1555858800,Apr 21 2019 - 3:00pm,33082,Cardiff City,Liverpool,0,2,Martin Atkinson,35,,"57,81",5,15,3,7,0.71,1.89,Cardiff City Stadium (Cardiff (Caerdydd))
1555959600,Apr 22 2019 - 7:00pm,40642,Chelsea,Burnley,2,2,Kevin Friend,35,"12,14","8,24",18,6,10,4,2.7,0.84,Stamford Bridge (London)
1556045100,Apr 23 2019 - 6:45pm,19170,Watford,Southampton,1,1,Mike Dean,31,90,1,8,8,5,5,1.26,1.23,Vicarage Road (Watford)
1556045100,Apr 23 2019 - 6:45pm,56251,Tottenham Hotspur,Brighton & Hove Albion,1,0,Chris Kavanagh,33,88,,18,6,6,2,2.33,0.69,Tottenham Hotspur Stadium (London)
1556131500,Apr 24 2019 - 6:45pm,31436,Wolverhampton Wanderers,Arsenal,3,1,Stuart Attwell,31,"28,37,45'2",80,9,6,4,2,1.01,1.03,Molineux Stadium (Wolverhampton- West Midlands)
1556132400,Apr 24 2019 - 7:00pm,74431,Manchester United,Manchester City,0,2,Andre Marriner,31,,"54,66",8,9,2,6,0.93,1.36,Old Trafford (Manchester)
1556305200,Apr 26 2019 - 7:00pm,53249,Liverpool,Huddersfield Town,5,0,Kevin Friend,36,"1,23,45'1,66,83",,20,4,8,2,2.11,0.62,Anfield (Liverpool)
1556364600,Apr 27 2019 - 11:30am,60043,Tottenham Hotspur,West Ham United,0,1,Anthony Taylor,36,,67,9,13,5,8,1.39,1.74,Tottenham Hotspur Stadium (London)
1556373600,Apr 27 2019 - 2:00pm,25789,Crystal Palace,Everton,0,0,Lee Mason,36,,,6,12,0,4,0.69,1.68,Selhurst Park (London)
1556373600,Apr 27 2019 - 2:00pm,23822,Fulham,Cardiff City,1,0,Chris Kavanagh,36,79,,8,11,3,9,1.06,1.67,Craven Cottage (London)
1556373600,Apr 27 2019 - 2:00pm,31310,Southampton,AFC Bournemouth,3,3,Graham Scott,36,"12,55,67","20,32,86",17,10,8,6,2.11,1.32,St. Mary's Stadium (Southampton- Hampshire)
1556373600,Apr 27 2019 - 2:00pm,20323,Watford,Wolverhampton Wanderers,1,2,Simon Hooper,36,49,"41,77",7,8,2,5,1.0,1.23,Vicarage Road (Watford)
1556382600,Apr 27 2019 - 4:30pm,30587,Brighton & Hove Albion,Newcastle United,1,1,Mike Dean,36,75,18,8,5,3,2,1.19,0.66,The American Express Community Stadium (Falmer- East Sussex)
1556449200,Apr 28 2019 - 11:00am,32037,Leicester City,Arsenal,3,0,Michael Oliver,36,"59,86,90'5",,19,5,13,2,2.68,0.74,King Power Stadium (Leicester- Leicestershire)
1556456700,Apr 28 2019 - 1:05pm,21605,Burnley,Manchester City,0,1,Paul Tierney,36,,63,3,12,0,8,0.39,1.87,Turf Moor (Burnley)
1556465400,Apr 28 2019 - 3:30pm,74526,Manchester United,Chelsea,1,1,Martin Atkinson,36,11,43,8,11,6,4,1.34,1.43,Old Trafford (Manchester)
1556910000,May 03 2019 - 7:00pm,39303,Everton,Burnley,2,0,Chris Kavanagh,37,"17,20",,16,6,7,2,1.99,0.87,Goodison Park (Liverpool)
1556969400,May 04 2019 - 11:30am,10630,AFC Bournemouth,Tottenham Hotspur,1,0,Craig Pawson,37,90'1,,14,9,7,6,1.93,1.31,Vitality Stadium (Bournemouth- Dorset)
1556978400,May 04 2019 - 2:00pm,59961,West Ham United,Southampton,3,0,Stuart Attwell,37,"16,69,72",,13,5,7,2,1.68,0.8,London Stadium (London)
1556978400,May 04 2019 - 2:00pm,30456,Wolverhampton Wanderers,Fulham,1,0,Jonathan Moss,37,75,,16,6,7,3,1.89,0.79,Molineux Stadium (Wolverhampton- West Midlands)
1556987400,May 04 2019 - 4:30pm,32133,Cardiff City,Crystal Palace,2,3,Michael Oliver,37,"31,90","28,39,70",15,15,9,8,1.93,1.89,Cardiff City Stadium (Cardiff (Caerdydd))
1556995500,May 04 2019 - 6:45pm,52206,Newcastle United,Liverpool,2,3,Andre Marriner,37,"20,54","13,28,86",11,11,8,5,1.46,1.36,St. James' Park (Newcastle upon Tyne)
1557061200,May 05 2019 - 1:00pm,40650,Chelsea,Watford,3,0,Paul Tierney,37,"48,51,75",,16,14,10,4,2.2,1.54,Stamford Bridge (London)
1557061200,May 05 2019 - 1:00pm,24263,Huddersfield Town,Manchester United,1,1,Lee Mason,37,60,8,6,17,4,8,0.9,2.05,John Smith's Stadium (Huddersfield- West Yorkshire)
1557070200,May 05 2019 - 3:30pm,59965,Arsenal,Brighton & Hove Albion,1,1,Anthony Taylor,37,9,61,14,10,9,6,2.25,1.34,Emirates Stadium (London)
1557169200,May 06 2019 - 7:00pm,54506,Manchester City,Leicester City,1,0,Mike Dean,37,70,,16,5,6,3,2.09,0.73,Etihad Stadium (Manchester)
1557669600,May 12 2019 - 2:00pm,30662,Brighton & Hove Albion,Manchester City,1,4,Michael Oliver,38,27,"28,38,63,72",6,13,3,10,0.68,2.16,The American Express Community Stadium (Falmer- East Sussex)
1557669600,May 12 2019 - 2:00pm,21461,Burnley,Arsenal,1,3,Mike Dean,38,65,"52,63,90'4",12,11,6,7,1.57,1.63,Turf Moor (Burnley)
1557669600,May 12 2019 - 2:00pm,25433,Crystal Palace,AFC Bournemouth,5,3,Roger East,38,"24,32,37,65,80","45,56,73",16,15,9,9,1.97,2.07,Selhurst Park (London)
1557669600,May 12 2019 - 2:00pm,24979,Fulham,Newcastle United,0,4,Kevin Friend,38,,"9,11,61,90",11,13,3,7,1.5,1.47,Craven Cottage (London)
1557669600,May 12 2019 - 2:00pm,32140,Leicester City,Chelsea,0,0,Anthony Taylor,38,,,8,12,4,5,1.16,1.5,King Power Stadium (Leicester- Leicestershire)
1557669600,May 12 2019 - 2:00pm,53331,Liverpool,Wolverhampton Wanderers,2,0,Martin Atkinson,38,"17,81",,11,7,6,3,1.4,0.92,Anfield (Liverpool)
1557669600,May 12 2019 - 2:00pm,74457,Manchester United,Cardiff City,0,2,Jonathan Moss,38,,"23,54",21,11,11,5,2.67,1.31,Old Trafford (Manchester)
1557669600,May 12 2019 - 2:00pm,30367,Southampton,Huddersfield Town,1,1,Lee Probert,38,41,55,7,8,4,4,1.15,1.04,St. Mary's Stadium (Southampton- Hampshire)
1557669600,May 12 2019 - 2:00pm,60124,Tottenham Hotspur,Everton,2,2,Andre Marriner,38,"3,75","69,72",9,13,4,10,1.23,1.8,Tottenham Hotspur Stadium (London)
1557669600,May 12 2019 - 2:00pm,20067,Watford,West Ham United,1,4,Chris Kavanagh,38,46,"15,39,71,78",11,15,9,10,1.81,2.01,Vicarage Road (Watford)
